{
  "nodes": [
    {
      "width": 230,
      "height": 278,
      "id": "node-1",
      "type": "input_camera",
      "position": {
        "x": 1064.7287320731602,
        "y": -525.7717580543548
      },
      "data": {
        "name": "node_1_camera"
      },
      "selected": false,
      "positionAbsolute": {
        "x": 1064.7287320731602,
        "y": -525.7717580543548
      },
      "dragging": false
    },
    {
      "width": 230,
      "height": 278,
      "id": "node-7",
      "type": "ai_face_mesh",
      "position": {
        "x": 1421.4631161713228,
        "y": -523.8510183325667
      },
      "data": {
        "name": "node_7_face_mesh"
      },
      "selected": false,
      "positionAbsolute": {
        "x": 1421.4631161713228,
        "y": -523.8510183325667
      },
      "dragging": false
    },
    {
      "width": 190,
      "height": 198,
      "id": "node-18",
      "type": "ai_utils_face_mouth_open",
      "position": {
        "x": 1764.8870585214497,
        "y": -484.70770457181493
      },
      "data": {
        "name": "node_18_mouth_open"
      },
      "selected": false,
      "positionAbsolute": {
        "x": 1764.8870585214497,
        "y": -484.70770457181493
      },
      "dragging": false
    },
    {
      "width": 190,
      "height": 193,
      "id": "node-20",
      "type": "math_operation_accumulate",
      "position": {
        "x": 2061.5044830156335,
        "y": -447.0542873705924
      },
      "data": {
        "name": "node_20_accumulate"
      },
      "selected": false,
      "positionAbsolute": {
        "x": 2061.5044830156335,
        "y": -447.0542873705924
      },
      "dragging": false
    },
    {
      "width": 389,
      "height": 128,
      "id": "node-21",
      "type": "logic_if",
      "position": {
        "x": 1538.7074194524073,
        "y": 2.6167494364316894
      },
      "data": {
        "name": "node_21_if"
      },
      "selected": false,
      "dragging": false,
      "positionAbsolute": {
        "x": 1538.7074194524073,
        "y": 2.6167494364316894
      }
    },
    {
      "width": 389,
      "height": 128,
      "id": "node-22",
      "type": "logic_if",
      "position": {
        "x": 2940.348966226009,
        "y": -376.5020774684334
      },
      "data": {
        "name": "node_22_if"
      },
      "selected": false,
      "positionAbsolute": {
        "x": 2940.348966226009,
        "y": -376.5020774684334
      },
      "dragging": false
    },
    {
      "width": 190,
      "height": 221,
      "id": "node-29",
      "type": "var_constant",
      "position": {
        "x": 2395.030126288775,
        "y": -84.69267278902487
      },
      "data": {
        "name": "node_29_constant"
      },
      "selected": false,
      "positionAbsolute": {
        "x": 2395.030126288775,
        "y": -84.69267278902487
      },
      "dragging": false
    },
    {
      "width": 190,
      "height": 143,
      "id": "node-30",
      "type": "math_operation_modulo",
      "position": {
        "x": 2659.052282948249,
        "y": -381.97107393049436
      },
      "data": {
        "name": "node_30_modulo"
      },
      "selected": false,
      "positionAbsolute": {
        "x": 2659.052282948249,
        "y": -381.97107393049436
      },
      "dragging": false
    },
    {
      "width": 247,
      "height": 331,
      "id": "node-32",
      "type": "mcu_output_led_rgb",
      "position": {
        "x": 3638.7822826425036,
        "y": -256.43920945051804
      },
      "data": {
        "name": "node_32_led_rgb"
      },
      "selected": false,
      "positionAbsolute": {
        "x": 3638.7822826425036,
        "y": -256.43920945051804
      },
      "dragging": false
    },
    {
      "width": 194,
      "height": 236,
      "id": "node-33",
      "type": "var_random",
      "position": {
        "x": 3474.5696540551216,
        "y": 281.61766680845056
      },
      "data": {
        "name": "node_33_random"
      },
      "selected": false,
      "dragging": false,
      "positionAbsolute": {
        "x": 3474.5696540551216,
        "y": 281.61766680845056
      }
    },
    {
      "width": 194,
      "height": 236,
      "id": "node-34",
      "type": "var_random",
      "position": {
        "x": 3194.5120173023975,
        "y": 282.6691899100563
      },
      "data": {
        "name": "node_34_random"
      },
      "selected": false,
      "dragging": false,
      "positionAbsolute": {
        "x": 3194.5120173023975,
        "y": 282.6691899100563
      }
    },
    {
      "width": 194,
      "height": 236,
      "id": "node-35",
      "type": "var_random",
      "position": {
        "x": 2911.737014241988,
        "y": 280.17761985355054
      },
      "data": {
        "name": "node_35_random"
      },
      "selected": false,
      "dragging": false,
      "positionAbsolute": {
        "x": 2911.737014241988,
        "y": 280.17761985355054
      }
    },
    {
      "width": 210,
      "height": 298,
      "id": "node-36",
      "type": "serial_read",
      "position": {
        "x": 1194.9919813621564,
        "y": -82.66593503106265
      },
      "data": {
        "name": "node_36_data_read"
      },
      "selected": false,
      "positionAbsolute": {
        "x": 1194.9919813621564,
        "y": -82.66593503106265
      },
      "dragging": false
    },
    {
      "id": "node-39",
      "type": "math_operation_accumulate",
      "position": {
        "x": 2040.6711599539456,
        "y": 8.270949158245628
      },
      "data": {
        "name": "node_39_accumulate"
      },
      "width": 190,
      "height": 193,
      "selected": true,
      "positionAbsolute": {
        "x": 2040.6711599539456,
        "y": 8.270949158245628
      },
      "dragging": false
    },
    {
      "id": "node-40",
      "type": "math_operation_plus",
      "position": {
        "x": 2381.039578249459,
        "y": -400.5379726973811
      },
      "data": {
        "name": "node_40_plus"
      },
      "width": 190,
      "height": 143,
      "selected": false,
      "positionAbsolute": {
        "x": 2381.039578249459,
        "y": -400.5379726973811
      },
      "dragging": false
    },
    {
      "id": "node-41",
      "type": "serial_write",
      "position": {
        "x": 3506.401696764492,
        "y": -738.9037061148443
      },
      "data": {
        "name": "node_41_data_write"
      },
      "width": 344,
      "height": 276,
      "selected": false,
      "positionAbsolute": {
        "x": 3506.401696764492,
        "y": -738.9037061148443
      },
      "dragging": false
    }
  ],
  "edges": [
    {
      "id": "node-1.a-node-7.a",
      "source": "node-1",
      "target": "node-7",
      "sourceHandle": "a",
      "targetHandle": "a",
      "animated": false,
      "style": {
        "stroke": "#9af",
        "strokeWidth": 10
      },
      "selected": false
    },
    {
      "id": "node-7.a-node-18.a",
      "source": "node-7",
      "target": "node-18",
      "sourceHandle": "a",
      "targetHandle": "a",
      "animated": false,
      "style": {
        "stroke": "#9af",
        "strokeWidth": 10
      },
      "selected": false
    },
    {
      "id": "node-18.a-node-20.a",
      "source": "node-18",
      "target": "node-20",
      "sourceHandle": "a",
      "targetHandle": "a",
      "animated": false,
      "style": {
        "stroke": "#9af",
        "strokeWidth": 10
      },
      "selected": false
    },
    {
      "id": "node-30.a-node-22.a",
      "source": "node-30",
      "sourceHandle": "a",
      "target": "node-22",
      "targetHandle": "a",
      "animated": false,
      "style": {
        "stroke": "#9af",
        "strokeWidth": 10
      },
      "selected": false
    },
    {
      "id": "node-33.a-node-32.d",
      "source": "node-33",
      "target": "node-32",
      "sourceHandle": "a",
      "targetHandle": "d",
      "animated": false,
      "style": {
        "stroke": "#9af",
        "strokeWidth": 10
      },
      "selected": false
    },
    {
      "id": "node-34.a-node-32.c",
      "source": "node-34",
      "sourceHandle": "a",
      "target": "node-32",
      "targetHandle": "c",
      "animated": false,
      "style": {
        "stroke": "#9af",
        "strokeWidth": 10
      },
      "selected": false
    },
    {
      "id": "node-35.a-node-32.b",
      "source": "node-35",
      "sourceHandle": "a",
      "target": "node-32",
      "targetHandle": "b",
      "animated": false,
      "style": {
        "stroke": "#9af",
        "strokeWidth": 10
      },
      "selected": false
    },
    {
      "id": "node-22.a-node-32.a",
      "source": "node-22",
      "sourceHandle": "a",
      "target": "node-32",
      "targetHandle": "a",
      "animated": false,
      "style": {
        "stroke": "#9af",
        "strokeWidth": 10
      },
      "selected": false
    },
    {
      "id": "node-22.a-node-35.a",
      "source": "node-22",
      "sourceHandle": "a",
      "target": "node-35",
      "targetHandle": "a",
      "animated": false,
      "style": {
        "stroke": "#9af",
        "strokeWidth": 10
      },
      "selected": false
    },
    {
      "id": "node-22.a-node-34.a",
      "source": "node-22",
      "sourceHandle": "a",
      "target": "node-34",
      "targetHandle": "a",
      "animated": false,
      "style": {
        "stroke": "#9af",
        "strokeWidth": 10
      },
      "selected": false
    },
    {
      "id": "node-22.a-node-33.a",
      "source": "node-22",
      "sourceHandle": "a",
      "target": "node-33",
      "targetHandle": "a",
      "animated": false,
      "style": {
        "stroke": "#9af",
        "strokeWidth": 10
      },
      "selected": false
    },
    {
      "id": "node-36.a-node-21.a",
      "source": "node-36",
      "sourceHandle": "a",
      "target": "node-21",
      "targetHandle": "a",
      "animated": false,
      "style": {
        "stroke": "#9af",
        "strokeWidth": 10
      },
      "selected": false
    },
    {
      "id": "node-21.a-node-39.a",
      "source": "node-21",
      "sourceHandle": "a",
      "target": "node-39",
      "targetHandle": "a",
      "animated": false,
      "style": {
        "stroke": "#9af",
        "strokeWidth": 10
      }
    },
    {
      "id": "node-20.a-node-40.a",
      "source": "node-20",
      "target": "node-40",
      "sourceHandle": "a",
      "targetHandle": "a",
      "animated": false,
      "style": {
        "stroke": "#9af",
        "strokeWidth": 10
      }
    },
    {
      "id": "node-39.a-node-40.b",
      "source": "node-39",
      "sourceHandle": "a",
      "target": "node-40",
      "targetHandle": "b",
      "animated": false,
      "style": {
        "stroke": "#9af",
        "strokeWidth": 10
      }
    },
    {
      "id": "node-40.a-node-30.a",
      "source": "node-40",
      "sourceHandle": "a",
      "target": "node-30",
      "targetHandle": "a",
      "animated": false,
      "style": {
        "stroke": "#9af",
        "strokeWidth": 10
      }
    },
    {
      "id": "node-29.a-node-30.b",
      "source": "node-29",
      "sourceHandle": "a",
      "target": "node-30",
      "targetHandle": "b",
      "animated": false,
      "style": {
        "stroke": "#9af",
        "strokeWidth": 10
      }
    },
    {
      "id": "node-22.a-node-41.a",
      "source": "node-22",
      "sourceHandle": "a",
      "target": "node-41",
      "targetHandle": "a",
      "animated": false,
      "style": {
        "stroke": "#9af",
        "strokeWidth": 10
      }
    }
  ],
  "nodeCount": 42,
  "viewport": {
    "x": 254.69591837206428,
    "y": 474.87955388305954,
    "zoom": 0.4027589180695811
  },
  "nodeStates": {
    "node-20": {
      "acc": 78
    },
    "node-21": {
      "operation": "<",
      "condition": "20"
    },
    "node-22": {
      "operation": "==",
      "condition": "0"
    },
    "node-29": {
      "value": 5,
      "minValue": -5,
      "maxValue": 5
    },
    "node-32": {
      "enable": false,
      "config": {
        "node_type": "mcu_output_led_rgb",
        "RPC_name": "rgb",
        "RPC_args": [
          "9",
          "10",
          "11"
        ],
        "RPC_board": "Arduino Uno R3",
        "minVal": 0,
        "maxVal": 1,
        "samplingInterval": 1,
        "n": 10,
        "name": "LED RGB 9-10-11",
        "uid": "32"
      }
    },
    "node-33": {
      "minValue": 0,
      "maxValue": 255
    },
    "node-34": {
      "minValue": 0,
      "maxValue": 255
    },
    "node-35": {
      "minValue": 0,
      "maxValue": 255
    },
    "node-36": {
      "measurements": null,
      "measureKey": null,
      "config": {
        "node_type": "serial_read",
        "RPC_name": "ult",
        "RPC_args": [
          "2",
          "5"
        ],
        "RPC_board": "Arduino Uno R3",
        "measurement": "Ultrasonic",
        "minVal": 0,
        "maxVal": 1,
        "samplingInterval": 1,
        "n": 10,
        "name": "HC-SR04 2-5",
        "uid": "36"
      }
    },
    "node-39": {
      "acc": 9
    },
    "node-41": {
      "config": {
        "node_type": "serial_write",
        "RPC_name": "dw",
        "RPC_args": [
          "8"
        ],
        "RPC_board": "Arduino Uno R3",
        "measurement": "alarm",
        "minVal": 0,
        "maxVal": 1,
        "samplingInterval": 1,
        "n": 10,
        "name": "Active buzzer (KY-012) 8",
        "uid": "41"
      }
    }
  }
}