{
  "nodes": [
    {
      "id": "node-9",
      "type": "input_camera",
      "position": {
        "x": 1242.6577266598974,
        "y": 105.94473783104664
      },
      "data": {
        "name": "node_9_camera"
      },
      "width": 230,
      "height": 278
    },
    {
      "id": "node-10",
      "type": "ai_object_recognition",
      "position": {
        "x": 1639.6604912784433,
        "y": 87.7614051004262
      },
      "data": {
        "name": "node_10_object_recognition"
      },
      "width": 248,
      "height": 356,
      "selected": false,
      "positionAbsolute": {
        "x": 1639.6604912784433,
        "y": 87.7614051004262
      },
      "dragging": false
    },
    {
      "id": "node-11",
      "type": "logic_if",
      "position": {
        "x": 2091.2132540888497,
        "y": 187.76973511883847
      },
      "data": {
        "name": "node_11_if"
      },
      "width": 389,
      "height": 128,
      "selected": false,
      "dragging": false,
      "positionAbsolute": {
        "x": 2091.2132540888497,
        "y": 187.76973511883847
      }
    },
    {
      "id": "node-13",
      "type": "logic_if",
      "position": {
        "x": 2037.924526403926,
        "y": 711.5110517240875
      },
      "data": {
        "name": "node_13_if"
      },
      "width": 389,
      "height": 128,
      "selected": false,
      "positionAbsolute": {
        "x": 2037.924526403926,
        "y": 711.5110517240875
      },
      "dragging": false
    },
    {
      "id": "node-14",
      "type": "logic_and",
      "position": {
        "x": 2579.882139073273,
        "y": 449.08644039163096
      },
      "data": {
        "name": "node_14_and"
      },
      "width": 190,
      "height": 198,
      "selected": false,
      "positionAbsolute": {
        "x": 2579.882139073273,
        "y": 449.08644039163096
      },
      "dragging": false
    },
    {
      "id": "node-15",
      "type": "serial_read",
      "position": {
        "x": 1544.326343493729,
        "y": 605.8851031177901
      },
      "data": {
        "name": "node_15_data_read"
      },
      "width": 258,
      "height": 286,
      "selected": false,
      "positionAbsolute": {
        "x": 1544.326343493729,
        "y": 605.8851031177901
      },
      "dragging": false
    },
    {
      "id": "node-16",
      "type": "serial_write_angle_speed",
      "position": {
        "x": 3886.0046369484558,
        "y": -161.69574035459289
      },
      "data": {
        "name": "node_16_servo_angle_speed"
      },
      "width": 210,
      "height": 258,
      "selected": false,
      "positionAbsolute": {
        "x": 3886.0046369484558,
        "y": -161.69574035459289
      },
      "dragging": false
    },
    {
      "id": "node-17",
      "type": "var_constant",
      "position": {
        "x": 2635.8133095240146,
        "y": -401.85262896705257
      },
      "data": {
        "name": "node_17_constant"
      },
      "width": 190,
      "height": 221,
      "selected": false,
      "positionAbsolute": {
        "x": 2635.8133095240146,
        "y": -401.85262896705257
      },
      "dragging": false
    },
    {
      "id": "node-18",
      "type": "signal_clock",
      "position": {
        "x": 2649.555082889611,
        "y": -46.23809897411559
      },
      "data": {
        "name": "node_18_clock_signal"
      },
      "width": 230,
      "height": 253,
      "selected": false,
      "positionAbsolute": {
        "x": 2649.555082889611,
        "y": -46.23809897411559
      },
      "dragging": false
    },
    {
      "id": "node-19",
      "type": "math_operation_multiply",
      "position": {
        "x": 3017.9204229407874,
        "y": -115.21512294443255
      },
      "data": {
        "name": "node_19_multiply"
      },
      "width": 190,
      "height": 143,
      "selected": false,
      "dragging": false,
      "positionAbsolute": {
        "x": 3017.9204229407874,
        "y": -115.21512294443255
      }
    },
    {
      "id": "node-21",
      "type": "var_constant",
      "position": {
        "x": 3433.2605027269938,
        "y": 163.6120902208941
      },
      "data": {
        "name": "node_21_constant"
      },
      "width": 190,
      "height": 221,
      "selected": false,
      "positionAbsolute": {
        "x": 3433.2605027269938,
        "y": 163.6120902208941
      },
      "dragging": false
    },
    {
      "id": "node-23",
      "type": "control_gate",
      "position": {
        "x": 3383.004602643973,
        "y": -261.33021566200046
      },
      "data": {
        "name": "node_23_gate"
      },
      "width": 170,
      "height": 178,
      "selected": false,
      "positionAbsolute": {
        "x": 3383.004602643973,
        "y": -261.33021566200046
      },
      "dragging": false
    }
  ],
  "edges": [
    {
      "id": "node-9.a-node-10.a",
      "source": "node-9",
      "target": "node-10",
      "sourceHandle": "a",
      "targetHandle": "a",
      "animated": false,
      "style": {
        "stroke": "#9af",
        "strokeWidth": 10
      }
    },
    {
      "id": "node-10.a-node-11.a",
      "source": "node-10",
      "target": "node-11",
      "sourceHandle": "a",
      "targetHandle": "a",
      "animated": false,
      "style": {
        "stroke": "#9af",
        "strokeWidth": 10
      }
    },
    {
      "id": "node-11.a-node-14.a",
      "source": "node-11",
      "sourceHandle": "a",
      "target": "node-14",
      "targetHandle": "a",
      "animated": false,
      "style": {
        "stroke": "#9af",
        "strokeWidth": 10
      }
    },
    {
      "id": "node-13.a-node-14.b",
      "source": "node-13",
      "sourceHandle": "a",
      "target": "node-14",
      "targetHandle": "b",
      "animated": false,
      "style": {
        "stroke": "#9af",
        "strokeWidth": 10
      }
    },
    {
      "id": "node-15.a-node-13.a",
      "source": "node-15",
      "target": "node-13",
      "sourceHandle": "a",
      "targetHandle": "a",
      "animated": false,
      "style": {
        "stroke": "#9af",
        "strokeWidth": 10
      }
    },
    {
      "id": "node-17.a-node-19.a",
      "source": "node-17",
      "target": "node-19",
      "sourceHandle": "a",
      "targetHandle": "a",
      "animated": false,
      "style": {
        "stroke": "#9af",
        "strokeWidth": 10
      }
    },
    {
      "id": "node-18.a-node-19.b",
      "source": "node-18",
      "sourceHandle": "a",
      "target": "node-19",
      "targetHandle": "b",
      "animated": false,
      "style": {
        "stroke": "#9af",
        "strokeWidth": 10
      }
    },
    {
      "id": "node-21.a-node-16.b",
      "source": "node-21",
      "sourceHandle": "a",
      "target": "node-16",
      "targetHandle": "b",
      "animated": false,
      "style": {
        "stroke": "#9af",
        "strokeWidth": 10
      }
    },
    {
      "id": "node-19.a-node-23.b",
      "source": "node-19",
      "sourceHandle": "a",
      "target": "node-23",
      "targetHandle": "b",
      "animated": false,
      "style": {
        "stroke": "#9af",
        "strokeWidth": 10
      }
    },
    {
      "id": "node-23.a-node-16.a",
      "source": "node-23",
      "sourceHandle": "a",
      "target": "node-16",
      "targetHandle": "a",
      "animated": false,
      "style": {
        "stroke": "#9af",
        "strokeWidth": 10
      }
    },
    {
      "id": "node-14.a-node-23.a",
      "source": "node-14",
      "sourceHandle": "a",
      "target": "node-23",
      "targetHandle": "a",
      "animated": false,
      "style": {
        "stroke": "#9af",
        "strokeWidth": 10
      }
    }
  ],
  "nodeCount": 25,
  "viewport": {
    "x": 36.70180517239919,
    "y": 388.0955014581635,
    "zoom": 0.3863745315699388
  },
  "nodeStates": {
    "node-11": {
      "operation": "==",
      "condition": "person"
    },
    "node-16": {
      "config": {
        "node_type": "serial_write_angle_speed",
        "RPC_name": "srv",
        "RPC_args": [
          "3"
        ],
        "RPC_board": "Arduino Uno R3",
        "measurement": "angle 0-180\nspeed 0-255",
        "minVal": 0,
        "maxVal": 180,
        "samplingInterval": 1,
        "n": 10,
        "name": "Servo 180 3",
        "uid": "16"
      }
    },
    "node-17": {
      "value": 180,
      "minValue": -5,
      "maxValue": 5
    },
    "node-18": {
      "frequency": 1
    },
    "node-21": {
      "value": 100,
      "minValue": -5,
      "maxValue": 5
    },
    "node-13": {
      "operation": ">=",
      "condition": "900"
    },
    "node-15": {
      "measurements": null,
      "measureKey": null,
      "config": {
        "node_type": "serial_read",
        "RPC_name": "ar",
        "RPC_args": [
          "14"
        ],
        "RPC_board": "Arduino Uno R3",
        "measurement": "Light",
        "minVal": 0,
        "maxVal": 1,
        "samplingInterval": 1,
        "n": 10,
        "name": "Photoresistor A0",
        "uid": "15"
      }
    }
  }
}