{
  "nodes": [
    {
      "id": "node-35",
      "type": "serial_read",
      "position": {
        "x": 2164.570134372747,
        "y": 1324.5825583264582
      },
      "data": {
        "name": "node_35_data_read"
      },
      "width": 210,
      "height": 258,
      "selected": false,
      "positionAbsolute": {
        "x": 2164.570134372747,
        "y": 1324.5825583264582
      },
      "dragging": false
    },
    {
      "id": "node-37",
      "type": "serial_write_angle_speed",
      "position": {
        "x": 3441.7507101550964,
        "y": 994.4852360530365
      },
      "data": {
        "name": "node_37_servo_angle_speed"
      },
      "width": 210,
      "height": 258,
      "selected": false,
      "positionAbsolute": {
        "x": 3441.7507101550964,
        "y": 994.4852360530365
      },
      "dragging": false
    },
    {
      "id": "node-41",
      "type": "control_if_else",
      "position": {
        "x": 2654.2781317402228,
        "y": 1312.7357246521199
      },
      "data": {
        "name": "node_41_if_else"
      },
      "width": 660,
      "height": 289,
      "selected": false,
      "positionAbsolute": {
        "x": 2654.2781317402228,
        "y": 1312.7357246521199
      },
      "dragging": false
    },
    {
      "id": "node-42",
      "type": "var_constant",
      "position": {
        "x": 2422.2554857694145,
        "y": 999.599470740298
      },
      "data": {
        "name": "node_42_constant"
      },
      "width": 190,
      "height": 221,
      "selected": false,
      "dragging": false,
      "positionAbsolute": {
        "x": 2422.2554857694145,
        "y": 999.599470740298
      }
    },
    {
      "id": "node-43",
      "type": "signal_clock",
      "position": {
        "x": 2580.62412074484,
        "y": 708.6242487510285
      },
      "data": {
        "name": "node_43_clock_signal"
      },
      "width": 230,
      "height": 253,
      "selected": false,
      "positionAbsolute": {
        "x": 2580.62412074484,
        "y": 708.6242487510285
      },
      "dragging": false
    },
    {
      "id": "node-44",
      "type": "math_operation_multiply",
      "position": {
        "x": 3012.601242105124,
        "y": 908.5787241405051
      },
      "data": {
        "name": "node_44_multiply"
      },
      "width": 190,
      "height": 143
    }
  ],
  "edges": [
    {
      "id": "node-35.a-node-41.a",
      "source": "node-35",
      "target": "node-41",
      "sourceHandle": "a",
      "targetHandle": "a",
      "animated": false,
      "style": {
        "stroke": "#9af",
        "strokeWidth": 10
      }
    },
    {
      "id": "node-41.a-node-37.b",
      "source": "node-41",
      "sourceHandle": "a",
      "target": "node-37",
      "targetHandle": "b",
      "animated": false,
      "style": {
        "stroke": "#9af",
        "strokeWidth": 10
      }
    },
    {
      "id": "node-43.a-node-44.a",
      "source": "node-43",
      "target": "node-44",
      "sourceHandle": "a",
      "targetHandle": "a",
      "animated": false,
      "style": {
        "stroke": "#9af",
        "strokeWidth": 10
      }
    },
    {
      "id": "node-42.a-node-44.b",
      "source": "node-42",
      "sourceHandle": "a",
      "target": "node-44",
      "targetHandle": "b",
      "animated": false,
      "style": {
        "stroke": "#9af",
        "strokeWidth": 10
      }
    },
    {
      "id": "node-44.a-node-37.a",
      "source": "node-44",
      "sourceHandle": "a",
      "target": "node-37",
      "targetHandle": "a",
      "animated": false,
      "style": {
        "stroke": "#9af",
        "strokeWidth": 10
      }
    }
  ],
  "nodeCount": 45,
  "viewport": {
    "x": -345.70886894404475,
    "y": -199.2674858314623,
    "zoom": 0.530120667684634
  },
  "nodeStates": {
    "node-35": {
      "measurements": null,
      "measureKey": null,
      "config": {
        "node_type": "serial_read",
        "RPC_name": "ult",
        "RPC_args": [
          "2",
          "5"
        ],
        "RPC_board": "Arduino Uno R3",
        "measurement": "Ultrasonic",
        "minVal": 0,
        "maxVal": 1,
        "samplingInterval": 1,
        "n": 10,
        "name": "HC-SR04 2-5",
        "uid": "35"
      }
    },
    "node-37": {
      "config": {
        "node_type": "serial_write_angle_speed",
        "RPC_name": "srv",
        "RPC_args": [
          "3"
        ],
        "RPC_board": "Arduino Uno R3",
        "measurement": "angle 0-180\nspeed 0-255",
        "minVal": 0,
        "maxVal": 180,
        "samplingInterval": 1,
        "n": 10,
        "name": "Servo 180 3",
        "uid": "37"
      }
    },
    "node-41": {
      "rule": [
        {
          "condition": "0 <= x and x < 10",
          "expression": "200"
        },
        {
          "condition": "10 <= x and x < 20",
          "expression": "100"
        }
      ],
      "fallback": "1",
      "enableFallback": true
    },
    "node-42": {
      "value": 180,
      "minValue": -5,
      "maxValue": 5
    },
    "node-43": {
      "frequency": 1
    }
  }
}